title,price,rating,reviews
"SAMSUNG Galaxy S23 Ultra Cell Phone, Factory Unlocked Android Smartphone, 512GB Storage, 200MP Camera, Night Mode, Long Battery Life, S Pen, US Version, 2023, Green","1,279",4.5 out of 5 stars,60 ratings
"Wireless Charger, 3 in 1 Samsung Charging Station for Samsung Galaxy S23 Ultra S23+ S22 Ultra S22+ Z Flip Z Fold 4, Samsung Watch Charger for Galaxy Watch 5 5 Pro 4 Active 2 Gear S3, Galaxy Buds 2 Pro",39,4.4 out of 5 stars,"1,009 ratings"
"SAMSUNG Galaxy S23 Ultra Cell Phone, Factory Unlocked Android Smartphone, 256GB Storage, 200MP Camera, Night Mode, Long Battery Life, S Pen, US Version, 2023, Phantom Black","1,099",4.3 out of 5 stars,18 ratings
"Samsung Galaxy S23 Ultra 5G (SM-S918B/DS) Dual SIM 256GB/ 8GB RAM, GSM Unlocked International Version - Phantom Black","1,029",4.7 out of 5 stars,4 ratings
"SAMSUNG Galaxy S23 Ultra 5G S9180 Dual 512GB 12GB RAM, 200 MP Camera, Factory Unlocked – Phantom Black","1,305",3.0 out of 5 stars,3 ratings
"Samsung Electronics Galaxy Note 10 Factory Unlocked Cell Phone with 256GB (U.S. Warranty), Aura Black/ Note10 (Renewed)",249,4.2 out of 5 stars,"6,244 ratings"
"SAMSUNG Galaxy S22+ Smartphone, Factory Unlocked Android Cell Phone, 128GB, 8K Camera & Video, Brightest Display, Long Battery Life, Fast 4nm Processor, US Version, Phantom White (Renewed)",439,4.2 out of 5 stars,998 ratings
SAMSUNG Galaxy S22 Ultra 5G Factory Unlocked 256GB SM-S908U1 Phantom Black (Renewed),679,4.3 out of 5 stars,299 ratings
SAMSUNG Galaxy S22 Ultra 5G Factory Unlocked 128GB SM-S908U1 Phantom Black (Renewed),665,4.1 out of 5 stars,132 ratings
"Samsung Galaxy S22+ Smartphone, Factory Unlocked Android Cell Phone, 256GB, 8K Camera & Video, Brightest Display, Long Battery Life, Fast 4nm Processor, US Version, Green (Renewed)",457,4.4 out of 5 stars,96 ratings
"SAMSUNG Galaxy S22 Ultra Smartphone, Android Cell Phone, 256GB, 8K Camera & Video, Brightest Display, S Pen, Long Battery Life, Fast 4nm Processor - T-Mobile (Renewed) (Phantom Black)",743,4.4 out of 5 stars,78 ratings
"SAMSUNG Galaxy A11 LTE Verizon | 6.4"" Screen | 32GB of Storage | Long Lasting Battery | Single SIM | 2020 Model | US Version & Warranty| Black - (SM-A115UZKAVZW)",99,4.0 out of 5 stars,41 ratings
"SAMSUNG Galaxy Z Fold 4 Cell Phone, Factory Unlocked Android Smartphone, 512GB, Flex Mode, Hands Free Video, Multi Window View, Foldable Display, S Pen Compatible, US Version, Gray Green (Renewed)","1,399",4.2 out of 5 stars,17 ratings
"SAMSUNG Galaxy A14 5G A Series Cell Phone, Factory Unlocked Android Smartphone, 64GB w/Expandable Storage, Long Battery Life, 13MP Camera, 6.6"" Infinite Display Screen, US Version, 2023, Black",199,3.6 out of 5 stars,63 ratings
"SAMSUNG Galaxy S23 Ultra Cell Phone, Factory Unlocked Android Smartphone, 256GB Storage, 200MP Camera, Night Mode, Long Battery Life, S Pen, US Version, 2023, Phantom Black","1,099",4.3 out of 5 stars,18 ratings
"Samsung Galaxy S23 Ultra 5G (SM-S918B/DS) Dual SIM 256GB/ 8GB RAM, GSM Unlocked International Version - Phantom Black","1,029",4.7 out of 5 stars,4 ratings
"SAMSUNG Galaxy S23 Ultra 5G (SM-S918B/DS) Dual SIM 256GB/ 8GB RAM, GSM Unlocked International Version - Green","1,034",4.5 out of 5 stars,2 ratings
"SAMSUNG Galaxy S23 Ultra 5G SM-S918B/DS 256GB 12GB RAM, 200 MP Camera, Factory Unlocked – Cream","1,130",5.0 out of 5 stars,1 rating
"SAMSUNG Galaxy S23 Ultra 5G S9180 Dual 512GB 12GB RAM, 200 MP Camera, Factory Unlocked – Phantom Black","1,305",3.0 out of 5 stars,3 ratings
"SAMSUNG Galaxy S23 Ultra 5G S9180 Dual 256GB 12GB RAM, 200 MP Camera, Factory Unlocked – Phantom Black","1,098",5.0 out of 5 stars,1 rating
"SAMSUNG Galaxy S23 5G (SM-S911B/DS) Dual SIM 256GB/ 8GB RAM, GSM Unlocked International Version - Cream",837,Previous page of related Sponsored Products,
"SAMSUNG Galaxy S23 Ultra 5G (SM-S918B/DS) Dual SIM 256GB/ 8GB RAM, GSM Unlocked International Version - Green","1,034",4.5 out of 5 stars,2 ratings
"SAMSUNG Galaxy S23 Ultra 5G SM-S918B/DS 256GB 12GB RAM, 200 MP Camera, Factory Unlocked – Cream","1,130",5.0 out of 5 stars,1 rating
SAMSUNG Galaxy S22 Ultra 5G 128GB Black-Verizon (Renewed),655,4.3 out of 5 stars,25 ratings
"Galaxy S23 Ultra Cell Phone, SIM Free Factory Unlocked Android Smartphone, 256GB Storage, 200MP Camera, Night Mode, S Pen, Korean International Version, 2023, Cream","1,139",Previous page of related Sponsored Products,
"SAMSUNG Galaxy S23 Ultra 5G S9180 Dual 256GB 12GB RAM, 200 MP Camera, Factory Unlocked – Green","1,104",Previous page of related Sponsored Products,
"SAMSUNG Galaxy S23 Ultra 5G SM-S918B/DS 512GB 12GB RAM, 200 MP Camera, Factory Unlocked – Phantom Black","1,329",5.0 out of 5 stars,1 rating
"ESR Camera Lens Protectors for Samsung Galaxy S23 Ultra (2023), Individual Lens Protectors, Scratch-Resistant Ultra-Thin Tempered Glass with Aluminum Edging, Set of 5, Black",16,4.6 out of 5 stars,971 ratings
SAMSUNG Galaxy S22 Ultra S9080 5G Dual-SIM 256GB 12GB RAM Factory Unlocked for All Carriers - Phantom Black,947,4.1 out of 5 stars,41 ratings
"SAMSUNG Galaxy S23 Ultra 5G S9180 Dual 512GB 12GB RAM, 200 MP Camera, Factory Unlocked – Green","1,299",Previous page of related Sponsored Products,
"SAMSUNG Galaxy S23 Ultra 5G S9180 Dual 256GB 12GB RAM, 200 MP Camera, Factory Unlocked – Phantom Black","1,098",5.0 out of 5 stars,1 rating
"Samsung Galaxy S21 5G, US Version, 128GB, Phantom Gray - Unlocked (Renewed)",273,4.0 out of 5 stars,"3,722 ratings"
"Lacass Compatible with Samsung Galaxy S23 Ultra 5G 2023 Case,[12 Card Slots] ID Credit Cash Holder Zipper Pocket Detachable Magnet Leather Wallet Cover with Wrist Strap Lanyard(Butterfly Purple)",24,4.2 out of 5 stars,18 ratings
"SAMSUNG Galaxy S22 Ultra Cell Phone, Factory Unlocked Android Smartphone, 256GB, 8K Camera & Video, Brightest Display Screen, S Pen, Long Battery Life, Fast 4nm Processor, US Version, Green","1,020",4.6 out of 5 stars,415 ratings
"SAMSUNG Galaxy S22 Ultra Cell Phone, Factory Unlocked Android Smartphone, 256GB, 8K Camera & Video, Brightest Display Screen, S Pen, Long Battery Life, Fast 4nm Processor, US Version, Green","1,020",4.6 out of 5 stars,415 ratings
"[2+2 Pack] Galaxy S23 Ultra Screen Protector, 9H Tempered Glass, Ultrasonic Fingerprint Support, 3D Curved, HD Clear Scratch Resistant for Samsung Galaxy S23 Ultra 5G Glass Screen Protector",13,4.3 out of 5 stars,"20,547 ratings"
Tnarru Crystal Clear Samsung Galaxy S23 Ultra Case with Magnetic Stand[360° Rotatable Ring Holder Kickstand][Non-Yellowing] Transparent TPU Slim Shockproof Protection Galaxy S23 Ultra Phone Case-Blue,15,4.2 out of 5 stars,23 ratings
"Wireless Charger for Samsung Charging Station, 3 in 1 Android Phone Trio Multiple Devices Charger for Samsung S23 Ultra/Galaxy S22 Ultra/S21/Z Flip/Fold 4/Buds, Charger for Galaxy Watch 5 Pro/4/3",42,4.4 out of 5 stars,"1,035 ratings"
